-- phpMyAdmin SQL Dump
-- version 5.2.0
-- https://www.phpmyadmin.net/
--
-- Host: localhost:3306
-- Generation Time: Aug 20, 2024 at 01:15 PM
-- Server version: 8.0.30
-- PHP Version: 8.1.10

SET SQL_MODE = "NO_AUTO_VALUE_ON_ZERO";
START TRANSACTION;
SET time_zone = "+00:00";


/*!40101 SET @OLD_CHARACTER_SET_CLIENT=@@CHARACTER_SET_CLIENT */;
/*!40101 SET @OLD_CHARACTER_SET_RESULTS=@@CHARACTER_SET_RESULTS */;
/*!40101 SET @OLD_COLLATION_CONNECTION=@@COLLATION_CONNECTION */;
/*!40101 SET NAMES utf8mb4 */;

--
-- Database: `deerdeve_pengampu`
--

-- --------------------------------------------------------

--
-- Table structure for table `ci_sessions`
--

CREATE TABLE `ci_sessions` (
  `id` varchar(40) COLLATE utf8mb4_general_ci NOT NULL,
  `ip_address` varchar(45) COLLATE utf8mb4_general_ci NOT NULL,
  `timestamp` int UNSIGNED NOT NULL DEFAULT '0',
  `data` blob NOT NULL
) ENGINE=InnoDB DEFAULT CHARSET=utf8mb4 COLLATE=utf8mb4_general_ci;

-- --------------------------------------------------------

--
-- Table structure for table `dosen`
--

CREATE TABLE `dosen` (
  `id` int NOT NULL,
  `id_prodi` int NOT NULL,
  `nip` varchar(20) COLLATE utf8mb4_general_ci NOT NULL,
  `nama` varchar(255) COLLATE utf8mb4_general_ci NOT NULL,
  `nidn` varchar(50) COLLATE utf8mb4_general_ci NOT NULL,
  `glr_depan` varchar(100) COLLATE utf8mb4_general_ci NOT NULL,
  `glr_belakang` varchar(100) COLLATE utf8mb4_general_ci NOT NULL,
  `golongan` varchar(10) COLLATE utf8mb4_general_ci NOT NULL,
  `jabatan` varchar(255) COLLATE utf8mb4_general_ci NOT NULL,
  `status_pegawai` int NOT NULL,
  `password` varchar(255) COLLATE utf8mb4_general_ci NOT NULL
) ENGINE=InnoDB DEFAULT CHARSET=utf8mb4 COLLATE=utf8mb4_general_ci;

--
-- Dumping data for table `dosen`
--

INSERT INTO `dosen` (`id`, `id_prodi`, `nip`, `nama`, `nidn`, `glr_depan`, `glr_belakang`, `golongan`, `jabatan`, `status_pegawai`, `password`) VALUES
(1, 0, '12345678', 'Admin', '12345678', '', '', '', '6', 1, '25d55ad283aa400af464c76d713c07ad'),
(2, 6, '199002272018032001', 'Trismayanti Dwi Puspitasari', '0027029002', '', ' S.Kom, M.Cs', 'IIIb', '3', 2, '827ccb0eea8a706c4c34a16891f84e7b'),
(3, 6, '197405192003121002', 'Nugroho Setyo Wibowo', '0019057403', '', 'ST. MT', 'Pembina/IV', '2', 5, '827ccb0eea8a706c4c34a16891f84e7b'),
(4, 6, '197111151998021001', 'Adi Heru Utomo', '0015117106', 'DR.', 'S.Kom, M.Kom', 'Pembina/IV', '3', 5, '827ccb0eea8a706c4c34a16891f84e7b'),
(5, 6, '198012122005011001', 'Prawidya Destarianto', '0012128001', '', 'S.Kom, M.T', 'Penata Tk.', '2', 5, '827ccb0eea8a706c4c34a16891f84e7b'),
(6, 6, '197008311998031001', 'Moh. Munih Dian Widianta', '0031087001', '', 'S.Kom, M.T', 'Penata/III', '3', 5, '827ccb0eea8a706c4c34a16891f84e7b'),
(7, 13, '197909212005011001', 'I Putu Dody Lesmana', '0021097903', '', 'ST, MT', 'Penata/III', '2', 5, '827ccb0eea8a706c4c34a16891f84e7b'),
(8, 6, '19781011 200501 2 00', 'Elly Antika', '0011107802', '', 'ST, M.Kom', 'Penata/III', '2', 5, '827ccb0eea8a706c4c34a16891f84e7b'),
(9, 6, '198511282008121002', 'Aji Seto Arifianto', '0028118502', '', 'S.ST., M.T.', 'Penata ', '2', 5, '827ccb0eea8a706c4c34a16891f84e7b'),
(10, 6, '199205282018032001', 'Bety Etikasari', '0028053202', '', 'S.Pd, M.Pd', '', '3', 5, '827ccb0eea8a706c4c34a16891f84e7b'),
(11, 6, '198608022015042002', 'Ratih Ayuninghemi', '0702088601', '', 'S.ST, M.Kom', '', '3', 5, '827ccb0eea8a706c4c34a16891f84e7b'),
(12, 4, '199112112018031001', 'Khafidurrohman Agustianto', '0011129102', '', 'S.Pd, M.Eng', '', '3', 5, '827ccb0eea8a706c4c34a16891f84e7b'),
(13, 6, '199203022018032001', 'Zilvanhisna Emka Fitri', '0002039203', '', 'ST. MT', '', '3', 5, '827ccb0eea8a706c4c34a16891f84e7b'),
(14, 6, '198907102019031010', 'Ery Setiyawan Jullev Atmadji', '0010078903', '', 'S.Kom, M.Cs', '', '3', 5, '827ccb0eea8a706c4c34a16891f84e7b'),
(15, 1, '198801172019031008', 'I Gede Wiryawan', '0017018808', '', 'S.Kom., M.Kom.', '', '3', 5, '827ccb0eea8a706c4c34a16891f84e7b'),
(16, 6, '199408122019031013', 'Mukhamad Angga Gumilang', '0012089401', '', 'S. Pd., M. Eng.', '', '3', 5, '827ccb0eea8a706c4c34a16891f84e7b'),
(17, 13, 'D198901152021041', 'Lukman Hakim', '0015018910', '', 'S.Kom., M.Kom.', '', '4', 5, '827ccb0eea8a706c4c34a16891f84e7b'),
(18, 1, 'D199305102021032', 'Lukie Perdanasari', '0010059304', '', 'S.Kom., M.T.', '', '3', 5, '827ccb0eea8a706c4c34a16891f84e7b'),
(19, 6, 'D199308312021032', 'Arvita Agus Kurniasari', '0031089301', '', 'S.ST.,M.Tr.Kom', '', '4', 5, '827ccb0eea8a706c4c34a16891f84e7b'),
(20, 6, '198106152006041002', 'Syamsul Arifin', '0015068202', '', 'S.Kom, M.Cs', 'Penata/III', '2', 4, '827ccb0eea8a706c4c34a16891f84e7b'),
(21, 4, '19710408 2001121003', 'Wahyu Kurnia Dewanto', '0008047103', '', ' S.Kom, MT', 'Penata/III', '2', 5, '827ccb0eea8a706c4c34a16891f84e7b'),
(22, 4, '198302032006041003', 'Hendra Yufit Riskiawan', '0003028302', '', 'S.Kom, M.Cs', 'Penata/III', '2', 5, '827ccb0eea8a706c4c34a16891f84e7b'),
(23, 4, '197808192005012001', 'Ika Widiastuti', '0019087803', '', 'S.ST, MT', 'Penata/III', '2', 5, '827ccb0eea8a706c4c34a16891f84e7b'),
(24, 4, '198005172008121002', 'Dwi Putro Sarwo Setyohadi', '0017058003', '', 'S.Kom, M.Kom', 'Penata/III', '2', 5, '827ccb0eea8a706c4c34a16891f84e7b'),
(25, 6, '197709292005011003', 'Didit Rahmat Hartadi', '0029097704', '', 'S.Kom, MT', 'Penata/III', '2', 5, '827ccb0eea8a706c4c34a16891f84e7b'),
(26, 6, '198301092018031001', 'Hermawan Arief Putranto', '0009018304', '', 'ST, MT', '', '3', 5, '827ccb0eea8a706c4c34a16891f84e7b'),
(29, 4, '19880702 201903 1 01', 'Husin', '0002078803', '', 'S.Kom, M.MT', '', '3', 5, '827ccb0eea8a706c4c34a16891f84e7b'),
(30, 4, '198903292019031007', 'Taufiq Rizaldi', '0029058906', '', 'S.ST., MT', '', '3', 2, '827ccb0eea8a706c4c34a16891f84e7b'),
(31, 4, '199104292019031011', 'Faisal Lutfi Afriansyah', '0029049102', '', 'S.Kom, MT', '', '3', 5, '827ccb0eea8a706c4c34a16891f84e7b'),
(32, 4, '198804042020122013', 'Pramuditha Shinta Dewi Puspitasari', '0004039801', '', 'S.Kom., M.Kom.', '', '4', 5, '827ccb0eea8a706c4c34a16891f84e7b'),
(33, 4, '197306172018051001', 'Ely Mulyadi', '0017067306', '', 'SE, M.Kom', '', '3', 5, '827ccb0eea8a706c4c34a16891f84e7b'),
(36, 6, '198907102019031010', 'Ery Setiyawan Jullev Atmadji', 'S.Kom, M.Cs', '', 'S.Kom, M.Cs', '', '3', 5, '827ccb0eea8a706c4c34a16891f84e7b'),
(38, 6, '199408122019031013', 'Mukhamad Angga Gumilang', '0012089401', '', 'S. Pd., M. Eng.', '', '3', 5, '827ccb0eea8a706c4c34a16891f84e7b'),
(40, 1, '12345678910', 'Muhammad Hafidh Firmansyah', '', '', 'S.Tr.Kom., M.Sc.', '', '4', 5, '827ccb0eea8a706c4c34a16891f84e7b'),
(41, 1, '197907032003121001', 'Surateno', '0003077902', '', 'S.Kom., M.Kom', 'Pembina/IV', '1', 5, '827ccb0eea8a706c4c34a16891f84e7b'),
(42, 1, '197808172003121005', 'Agus Hariyanto', '0017087804', '', 'ST, M.Kom', 'Pembina/IV', '1', 5, '827ccb0eea8a706c4c34a16891f84e7b'),
(43, 1, '197011282003121001', 'Hariyono Rakhmad', '0028117002', '', 'S.Pd, M.Kom', 'Penata Tk.', '1', 5, '827ccb0eea8a706c4c34a16891f84e7b'),
(44, 1, '197809082005011001', 'Denny Wijanarko', '0008097803', '', 'ST, MT', 'Penata/III', '2', 5, '827ccb0eea8a706c4c34a16891f84e7b'),
(45, 1, '197808162005011002', 'Beni Widiawan', '0016087806', '', 'S.ST, MT', 'Penata/III', '2', 5, '827ccb0eea8a706c4c34a16891f84e7b'),
(46, 1, '197009292003121001', 'Yogiswara', '0029097005', '', 'ST, MT', 'Penata/III', '2', 2, '827ccb0eea8a706c4c34a16891f84e7b'),
(47, 3, '197308312008011003', 'Agus Purwadi', '0031087306', '', 'ST.MT', '', '2', 5, '827ccb0eea8a706c4c34a16891f84e7b'),
(48, 1, '198406252015041004', 'Bekti Maryuni Susanto', '0025068404', '', 'S.Pd.T, M.Kom', 'Penata', '2', 5, '827ccb0eea8a706c4c34a16891f84e7b'),
(49, 1, '198510312018031001', 'Victor Phoa', '0031108503', '', 'S.Si, M.Cs', 'Penata Mud', '3', 5, '827ccb0eea8a706c4c34a16891f84e7b'),
(50, 1, '199411232020122010', 'Lalitya Nindita Sahenda', '0023119402', '', 'S.Pd., M.T', '', '4', 5, '827ccb0eea8a706c4c34a16891f84e7b'),
(51, 13, '198606092008122004', 'Nanik Anita Mukhlisoh', '0009068601', '', 'S.ST, MT', 'Penata', '2', 2, '827ccb0eea8a706c4c34a16891f84e7b'),
(52, 8, 'D199510302021032', 'Puji Hastuti', '0030109502', '', 'ST., M.Eng', '', '4', 5, 'd41d8cd98f00b204e9800998ecf8427e'),
(53, 8, 'D199405092021032', 'Qonitatul Hasanah', '0009059403', '', 'S.ST., M.Tr.T', '', '4', 5, '827ccb0eea8a706c4c34a16891f84e7b'),
(54, 8, 'D199310092021031', 'Raditya Arief Pratama', '0009109304', '', 'S.Kom., M.Eng', '', '4', 5, '827ccb0eea8a706c4c34a16891f84e7b'),
(55, 8, '199706282022032018', 'Ulfa Emi Rahmawati', '0028069702', '', 'S.Kom., M.Kom.', '', '4', 2, '827ccb0eea8a706c4c34a16891f84e7b'),
(56, 9, '197110092003121001', 'Denny Trias Utomo', '0009107104', 'DR.', 'S.Si, MT', 'Penata Tk.', '2', 2, '827ccb0eea8a706c4c34a16891f84e7b'),
(57, 6, '199305082022032013', 'Dia Bitari Mei Yuana', '0008059304', '', 'S.ST., M.Tr.Kom.', '', '3', 5, '827ccb0eea8a706c4c34a16891f84e7b'),
(58, 9, 'PKD.199440423202105', 'Mochammad Rifki Ulil Albab', '0023049404', '', 'ST., M.Tr.T.', '', '3', 5, '827ccb0eea8a706c4c34a16891f84e7b'),
(59, 9, 'PKD.19931124202105', 'Sholihah Ayu Wulandari', '0024119301', '', ' S.ST., M.Tr.T.', '', '4', 5, '827ccb0eea8a706c4c34a16891f84e7b'),
(60, 9, 'PKD.19920803202105', 'Ahmad Fahriyannur Rosyady', '0003089203', '', ' S.Kom., M.MT', '', '4', 5, '827ccb0eea8a706c4c34a16891f84e7b'),
(61, 11, '196312311995121001', 'Alwan Abdurahman', '', '', 'S.H., M.M.', 'Pembina/IV', '1', 5, '827ccb0eea8a706c4c34a16891f84e7b'),
(62, 12, '198907252019031014', 'Julien Arief Wicaksono', '', '', 'S.Pd., M.Pd.', 'Penata Mud', '3', 5, '827ccb0eea8a706c4c34a16891f84e7b'),
(63, 12, '197210052003121001', 'Asep Samsudin', '0005107204', '', 'S.Pd., M.Li.', 'Penata Mud', '3', 5, '827ccb0eea8a706c4c34a16891f84e7b'),
(64, 12, '198504132015042007', 'Alfi Hidayatu Miqawati', '', '', 'S.Pd., M.Pd.', 'Penata (II', '2', 5, '827ccb0eea8a706c4c34a16891f84e7b'),
(65, 11, '8889010016', 'Financia Mayasari', '', '', 'S.E., M.M.', '', '4', 5, '827ccb0eea8a706c4c34a16891f84e7b'),
(66, 12, '198704022019031009', 'Gullit Tornado Taufan', '0702048702', '', 'S.Pd., M.Pd.', 'Penata Mud', '2', 5, '827ccb0eea8a706c4c34a16891f84e7b'),
(67, 12, '197209212003122001', 'Suyik Binarkaheni', '0021097203', '', 'S.Pd, M.Li', 'Penata Mud', '3', 5, '827ccb0eea8a706c4c34a16891f84e7b'),
(68, 12, '197711102003121002', 'Adriadi Novawan', '0011117704', '', 'S.Pd., M.Ed.', 'Penata Mud', '2', 5, '827ccb0eea8a706c4c34a16891f84e7b'),
(69, 12, '199005192018032001', 'Renata Kenanga Rinda', '2019059003', '', 'S.Pd., M.Pd.', '', '3', 5, '827ccb0eea8a706c4c34a16891f84e7b'),
(70, 12, '8849110016', 'Vigo Dewangga', '0021018704', '', 'S.S., M.Pd.', '', '3', 5, '827ccb0eea8a706c4c34a16891f84e7b'),
(71, 1, '197009292003121001', 'Yogiswara', '', '', '', '', '2', 1, '827ccb0eea8a706c4c34a16891f84e7b'),
(72, 4, '198903292019031007', 'Taufiq Rizaldi', '', '', '', '', '', 1, '827ccb0eea8a706c4c34a16891f84e7b'),
(73, 6, '199212272022031007', 'Choirul Huda', '0027129205', '', 'S.Kom., M.Kom.', 'Penata/III', '6', 5, '827ccb0eea8a706c4c34a16891f84e7b'),
(74, 1, '199304252022032008', 'Shabrina Choirunnisa', '0025049303', '', 'S.Kom., M.Kom.', 'Penata/III', '6', 5, '827ccb0eea8a706c4c34a16891f84e7b'),
(75, 6, '', 'Dinial Utami Nurul Qomariah', '', 'DR.', '', '', '', 0, 'd41d8cd98f00b204e9800998ecf8427e');

-- --------------------------------------------------------

--
-- Table structure for table `jabatan`
--

CREATE TABLE `jabatan` (
  `id` int NOT NULL,
  `nama` varchar(50) COLLATE utf8mb4_general_ci NOT NULL,
  `nominal` varchar(15) COLLATE utf8mb4_general_ci NOT NULL
) ENGINE=InnoDB DEFAULT CHARSET=utf8mb4 COLLATE=utf8mb4_general_ci;

--
-- Dumping data for table `jabatan`
--

INSERT INTO `jabatan` (`id`, `nama`, `nominal`) VALUES
(1, 'Lektor Kepala', '100000'),
(2, 'Lektor', '75000'),
(3, 'Asisten Ahli', '50000'),
(4, 'Tenaga Pengajar', '50000'),
(6, 'Tidak Ada', '0');

-- --------------------------------------------------------

--
-- Table structure for table `keys`
--

CREATE TABLE `keys` (
  `id` int NOT NULL,
  `user_id` varchar(255) NOT NULL,
  `key` varchar(40) NOT NULL,
  `level` int NOT NULL,
  `ignore_limits` tinyint(1) NOT NULL DEFAULT '0',
  `is_private_key` tinyint(1) NOT NULL DEFAULT '0',
  `ip_addresses` text,
  `date_created` int NOT NULL
) ENGINE=InnoDB DEFAULT CHARSET=utf8mb3;

--
-- Dumping data for table `keys`
--

INSERT INTO `keys` (`id`, `user_id`, `key`, `level`, `ignore_limits`, `is_private_key`, `ip_addresses`, `date_created`) VALUES
(1, '0', '444', 1, 0, 0, NULL, 2);

-- --------------------------------------------------------

--
-- Table structure for table `logs`
--

CREATE TABLE `logs` (
  `id` int NOT NULL,
  `uri` varchar(255) NOT NULL,
  `method` varchar(6) NOT NULL,
  `params` text,
  `api_key` varchar(40) NOT NULL,
  `ip_address` varchar(45) NOT NULL,
  `time` int NOT NULL,
  `rtime` float DEFAULT NULL,
  `authorized` varchar(1) NOT NULL,
  `response_code` smallint DEFAULT '0'
) ENGINE=InnoDB DEFAULT CHARSET=utf8mb3;

-- --------------------------------------------------------

--
-- Table structure for table `matkul`
--

CREATE TABLE `matkul` (
  `id` int NOT NULL,
  `kode` varchar(20) COLLATE utf8mb4_general_ci NOT NULL,
  `nama` varchar(255) COLLATE utf8mb4_general_ci NOT NULL,
  `prodi_id` int NOT NULL DEFAULT '1',
  `semester` int NOT NULL,
  `tot_teori` int NOT NULL,
  `tot_praktik` int NOT NULL,
  `status` int NOT NULL
) ENGINE=InnoDB DEFAULT CHARSET=utf8mb4 COLLATE=utf8mb4_general_ci;

--
-- Dumping data for table `matkul`
--

INSERT INTO `matkul` (`id`, `kode`, `nama`, `prodi_id`, `semester`, `tot_teori`, `tot_praktik`, `status`) VALUES
(1, 'TIF120707', 'Workshop Sistem Informasi Berbasis Desktop', 6, 2, 0, 4, 2),
(2, 'TIF120704', 'Interaksi Manusia dan Komputer', 6, 2, 2, 0, 1),
(3, 'TIF120705', 'Sistem Aplikasi Berbasis Obyek', 6, 2, 2, 0, 1),
(4, 'TIF120706', 'Perencanaan Proyek Perangkat Lunak', 6, 2, 2, 0, 1),
(6, 'TIF120708', 'Workshop Manajemen Proyek', 6, 2, 0, 4, 2),
(7, 'TIF120701', 'Bahasa Indonesia', 6, 2, 2, 0, 1),
(8, 'TIF120702', 'Kewarganegaraan', 6, 2, 2, 0, 1),
(9, 'TIF120703', 'Intermediate English', 6, 2, 1, 1, 3),
(10, 'MIF130706', 'Literasi Digital', 4, 3, 0, 2, 2),
(11, 'TIF140702', 'Kewirausahaan', 6, 4, 2, 0, 1),
(12, 'TIF140703', 'Manajemen Kualitas Perangkat Lunak', 6, 4, 2, 0, 1),
(13, 'TIF140704', 'Perawatan Perangkat Lunak', 6, 4, 2, 0, 1),
(14, 'TIF140705', 'Pengujian Perangkat Lunak', 6, 4, 2, 0, 1),
(15, 'TIF140706', 'Workshop Sistem Informasi Web Framework', 6, 4, 0, 4, 2),
(16, 'TIF140707', 'Workshop Mobile Applications Framework', 6, 4, 0, 4, 2),
(18, 'TIF160701', 'Teknik Penulisan Ilmiah', 6, 6, 2, 0, 1),
(19, 'TIF160703', 'Trend Teknologi', 6, 6, 2, 0, 1),
(20, 'TIF160704', 'Data Warehouse', 6, 6, 2, 0, 1),
(21, 'TIF160705', 'Workshop Developer Operasi', 6, 6, 0, 4, 2),
(22, 'TIF160706', 'Workshop Tata Kelola Teknologi Informasi', 6, 6, 0, 4, 2),
(23, 'TIF160707', 'Workshop Proyek Sistem Informasi', 6, 6, 0, 4, 2),
(24, 'TIF180701', 'Skripsi', 6, 8, 0, 6, 2),
(27, 'TKK20701', 'Bahasa Indonesia', 1, 2, 2, 0, 1),
(28, 'MIF140703', 'Pemrograman Mobile', 4, 4, 2, 0, 1),
(29, 'TKK20702', 'Kewarganegaraan', 1, 2, 2, 0, 1),
(30, 'TKK20703', 'Intermediate English', 1, 2, 1, 1, 3),
(31, 'TKK20704', 'SISTEM KONTROL ELEKTRONIK', 1, 2, 2, 0, 1),
(32, 'TKK20705', 'JARINGAN KOMPUTER', 1, 2, 2, 0, 1),
(33, 'TKK20706', 'WORKSHOP INFRASTRUKTUR JARINGAN KOMPUTER', 1, 2, 0, 4, 2),
(34, 'TKK20707', 'WORKSHOP PEMROGRAMAN WEB', 1, 2, 0, 2, 2),
(35, 'TKK20708', 'WORKSHOP ELEKTRONIKA TERAPAN', 1, 2, 0, 4, 2),
(36, 'TKK40701', 'Teknik Penulisan Ilmiah', 1, 4, 2, 0, 1),
(37, 'TKK40702', 'INTERPERSONAL SKILL', 1, 4, 2, 0, 1),
(38, 'TKK40703', 'KOMPUTASI AWAN', 1, 4, 2, 0, 1),
(39, 'TKK40704', 'JARINGAN BERBASIS SOFTWARE', 1, 4, 2, 0, 1),
(40, 'TKK40705', 'SISTEM OTOMASI', 1, 4, 2, 0, 1),
(41, 'TKK40706', 'INTERNET OF THINGS', 1, 4, 2, 0, 1),
(42, 'TKK40707', 'WORKSHOP KOMPUTASI AWAN', 1, 4, 0, 4, 2),
(43, 'TKK40708', 'WORKSHOP SISTEM KOMPUTER KONTROL', 1, 4, 0, 4, 2),
(44, 'TKK60701', 'KEWIRAUSAHAAN', 1, 6, 0, 2, 2),
(45, 'TKK60702', 'TUGAS AKHIR', 1, 6, 0, 6, 2),
(46, 'MIF120701', 'Bahasa Indonesia', 4, 2, 2, 0, 1),
(47, 'MIF120702', 'Kewarganegaraan', 4, 2, 2, 0, 1),
(48, 'MIF120703', 'Intermediate English', 4, 2, 1, 1, 3),
(49, 'MIF120704', 'Pemrograman Berorientasi Objek', 4, 2, 2, 0, 1),
(50, 'MIF120705', 'Design Web', 4, 2, 0, 2, 2),
(51, 'MIF120706', 'Analisis dan Desain Sistem Informasi', 4, 2, 2, 0, 1),
(52, 'MIF120707', 'Workshop Pengembangan Aplikasi', 4, 2, 0, 4, 2),
(53, 'MIF120708', 'Workshop Manajemen Basis data', 4, 2, 0, 4, 2),
(54, 'MIF140701', 'Teknik Penulisan', 4, 4, 2, 0, 1),
(55, 'MIF140702', 'Data Mining', 4, 4, 2, 0, 1),
(57, 'MIF140704', 'Interpersonal Skill', 4, 4, 2, 0, 1),
(58, 'MIF140705', 'Argoinformatika', 4, 4, 2, 0, 1),
(59, 'MIF140706', 'Customer Relationship Management', 4, 4, 2, 0, 0),
(60, 'MI1F40707', 'Workshop Progressive Web Apps', 1, 4, 0, 4, 2),
(61, 'MIF140708', 'Workshop Basisdata Lanjut', 4, 4, 0, 4, 2),
(62, 'MIF160701', 'Bisnis Jasa Informatika', 4, 6, 0, 2, 2),
(63, 'MIF160702', 'Manajemen Proyek Sistem Informasi', 4, 6, 2, 0, 1),
(64, 'MIF160703', 'Tugas Akhir', 4, 6, 0, 6, 2),
(65, 'TKK10701', 'AGAMA', 1, 1, 2, 0, 1),
(66, 'TKK10702', 'PANCASILA', 1, 1, 2, 0, 1),
(67, 'TKK10703', 'BASIC ENGLISH', 1, 1, 1, 1, 3),
(68, 'TKK10706', 'SISTEM OPERASI', 1, 1, 2, 0, 1),
(69, 'TKK10705', 'LOGIKA DAN ALGORITMA PEMROGRAMAN', 1, 1, 2, 0, 1),
(70, 'TKK10704', 'LITERASI DIGITAL', 1, 1, 0, 2, 2),
(71, 'TKK10707', 'WORKSHOP ADMINISTRASI SISTEM', 1, 1, 0, 4, 2),
(72, 'TKK10708', 'WORKSHOP PEMROGRAMAN DASAR', 1, 1, 0, 4, 2),
(73, 'TKK3601', 'SISTEM PERTANIAN DIGITAL', 1, 3, 2, 0, 1),
(74, 'TKK3602', 'MANAJEMEN BASIS DATA', 1, 3, 2, 0, 1),
(75, 'TKK3603', 'ROUTING DAN SWITCHING', 1, 3, 2, 0, 1),
(76, 'TKK3604', 'KEAMANAN JARINGAN', 1, 3, 2, 0, 1),
(77, 'TKK3605', 'MIKROKOMPUTER', 1, 3, 2, 0, 1),
(78, 'TKK3606', 'WORKSHOP SISTEM TERTANAM', 1, 3, 0, 3, 2),
(79, 'TKK3607', 'WORKSHOP JARINGAN WAN', 1, 3, 0, 4, 2),
(80, 'TKK3608', 'WORKSHOP APLIKASI MOBILE', 1, 3, 0, 3, 2),
(81, 'TKK5601', 'PRAKTEK KERJA LAPANG', 1, 7, 0, 20, 2),
(82, 'MIF110701', 'Agama', 4, 1, 2, 0, 1),
(83, 'MIF110702', 'Pancasila', 4, 1, 2, 0, 1),
(84, 'MIF110703', 'Basic English', 4, 1, 1, 1, 3),
(85, 'MIF110704', 'Algoritma Pemrograman', 4, 1, 2, 0, 1),
(86, 'MIF110705', 'Dasar Manajemen', 4, 1, 2, 0, 1),
(87, 'MIF110706', 'Basisdata', 4, 1, 2, 0, 1),
(88, 'MIF110707', 'Statistika Terapan', 4, 1, 2, 0, 1),
(89, 'MIF110708', 'Workshop Basis Data Relational', 4, 1, 0, 2, 2),
(90, 'MIF110709', 'Workshop Pemrograman Dasar', 4, 1, 0, 4, 2),
(91, 'MIF130701', 'Kewirausahaan', 4, 3, 2, 0, 1),
(92, 'MIF130702', 'Sistem Informasi Geografis', 4, 3, 2, 0, 1),
(93, 'MIF130703', 'Manajemen Operasional', 4, 3, 2, 0, 1),
(94, 'MIF130704', 'Kecerdasan Bisnis Terapan', 4, 3, 2, 0, 1),
(95, 'MIF130705', 'Komunikasi Visual', 4, 3, 2, 0, 1),
(99, 'MIF130707', 'Workshop Sistem Informasi', 4, 3, 0, 4, 2),
(100, 'MIF130708', 'Workshop Visualisasi Data', 4, 3, 0, 4, 2),
(101, 'MIF150701', 'Praktek Kerja Lapang', 4, 5, 0, 20, 2),
(102, 'TIF10701', 'Agama', 6, 1, 2, 0, 1),
(103, 'TIF10702', 'Pancasila', 6, 1, 2, 0, 1),
(104, 'TIF10703', 'Basic English', 6, 1, 1, 1, 3),
(105, 'TIF10704', 'Logika dan Algoritma', 6, 1, 2, 0, 1),
(106, 'TIF10705', 'Konsep Basis Data', 6, 1, 2, 0, 1),
(107, 'TIF10706', 'Pemrograman Dasar', 6, 1, 2, 0, 1),
(108, 'TIF10707', 'Workshop Pengembangan Perangkat Lunak', 6, 1, 0, 4, 2),
(109, 'TIF10708', 'Workshop Basis Data', 6, 1, 0, 4, 2),
(111, 'TIF130702', 'Matematika Diskrit', 6, 3, 2, 0, 1),
(112, 'TIF130703', 'Konsep Jaringan Komputer', 6, 3, 2, 0, 1),
(113, 'TIF30704', 'Struktur Data', 6, 3, 2, 0, 1),
(114, 'TIF30705', 'Workshop Kualitas Perangkat Lunak', 6, 3, 0, 4, 2),
(115, 'TIF30706', 'Workshop Sistem Informasi Berbasis Web', 6, 3, 0, 4, 2),
(116, 'TIF30707', 'Workshop Mobile Applications', 6, 3, 0, 4, 2),
(117, 'TIF50701', 'Aplikasi Sistem Tertanam', 6, 5, 2, 0, 1),
(118, 'TIF50702', 'Sistem Cerdas', 6, 5, 2, 0, 1),
(119, 'TIF50703', 'Agroinformatika', 6, 5, 2, 0, 1),
(120, 'TIF50704', 'Multimedia Permainan', 6, 5, 2, 0, 1),
(121, 'TIF50705', 'Workshop Pengolahan Citra dan Vision', 6, 5, 0, 4, 2),
(122, 'TIF50706', 'Workshop Sistem Tertanam', 6, 5, 0, 4, 2),
(123, 'TIF50707', 'Workshop Sistem Cerdas', 6, 5, 0, 4, 2),
(124, 'TIF70701', 'Magang', 6, 7, 0, 20, 2),
(125, 'TIF150704', 'Multimedia Permainan', 6, 1, 2, 0, 1),
(126, 'TIF160701', 'Teknik Penulisan Ilmiah', 6, 1, 2, 0, 1),
(127, 'TIF150707', 'Workshop Sistem Cerdas', 6, 1, 0, 4, 2),
(129, 'BID1601', 'Pancasila', 13, 1, 2, 0, 1),
(130, 'BID1602', 'Agama', 13, 1, 2, 0, 1),
(131, 'BID1603', 'Basic English', 13, 1, 1, 1, 3),
(132, 'BID1605', 'Algoritma dan Pemrograman Dasar', 13, 1, 2, 0, 1),
(133, 'BID1606', 'Konsep Basis Data', 13, 1, 2, 0, 1),
(134, 'BID1607', 'Pengantar Bisnis', 13, 1, 2, 0, 1),
(135, 'BID1608', 'Dasar-Dasar Manajemen', 13, 1, 2, 0, 1),
(136, 'BID1604', 'Literasi Digital', 13, 1, 2, 0, 1),
(137, 'BID1609', 'Wokshop Sistem Informasi Manajemen', 13, 1, 0, 4, 2),
(138, 'MIF140707', 'Workshop Progressive Web App', 4, 4, 0, 4, 2),
(139, 'TIF140701', 'Literasi Digital', 6, 4, 0, 2, 2),
(142, 'TIF160702', 'Statistika', 6, 6, 2, 0, 1),
(143, 'BID2601', 'Kewarganegaraan', 13, 2, 2, 0, 1),
(144, 'BID2602', 'Bahasa Indonesia', 13, 2, 2, 0, 1),
(145, 'BID2603', 'Intermediate English', 13, 2, 1, 1, 3),
(146, 'BID2604', 'Manajemen Basis Data', 13, 2, 2, 0, 1),
(147, 'BID2605', 'Pemrograman Berbasis Obyek', 13, 2, 2, 0, 1),
(148, 'BID2606', 'Matematika Bisnis', 13, 2, 2, 0, 1),
(149, 'BID2607', 'Manajemen Pemasaran Digital', 13, 2, 2, 0, 1),
(150, 'BID2608', 'Statistika Ekonomi dan Bisnis', 13, 2, 2, 0, 1),
(151, 'BID2609', 'Workshop Analisis Pemasaran  Digital', 13, 2, 0, 4, 2),
(152, 'BID4601', 'Manajemen Proyek Sistem  Informasi', 13, 4, 2, 0, 1),
(153, 'BID4602', 'E-Commerce', 13, 4, 2, 0, 1),
(154, 'BID4603', 'Keamanan Jaringan', 13, 2, 2, 0, 1),
(155, 'BID460', 'Perilaku Organisasi', 13, 2, 2, 0, 1),
(156, 'BID4605', 'Manajemen Mutu', 13, 4, 2, 0, 1),
(157, 'BID4606', 'Manajemen Resiko', 13, 4, 2, 1, 3),
(158, 'BID4607', 'Workshop Sistem Informasi  Lanjutan', 13, 4, 0, 4, 2),
(159, 'BID4608', 'Techno-Sociopreneur', 13, 4, 2, 0, 1);

-- --------------------------------------------------------

--
-- Table structure for table `pengampu`
--

CREATE TABLE `pengampu` (
  `id` int NOT NULL,
  `id_tahun_akademik` int NOT NULL,
  `id_prodi` int NOT NULL,
  `kode_matkul` varchar(20) COLLATE utf8mb4_general_ci NOT NULL,
  `nip_dosen` varchar(20) COLLATE utf8mb4_general_ci NOT NULL,
  `status_dosen` varchar(20) COLLATE utf8mb4_general_ci NOT NULL
) ENGINE=InnoDB DEFAULT CHARSET=utf8mb4 COLLATE=utf8mb4_general_ci;

--
-- Dumping data for table `pengampu`
--

INSERT INTO `pengampu` (`id`, `id_tahun_akademik`, `id_prodi`, `kode_matkul`, `nip_dosen`, `status_dosen`) VALUES
(23, 1, 6, 'TIF120704', '199408122019031013', '1'),
(24, 1, 6, 'TIF120704', '198106152006041002', '2'),
(25, 1, 6, 'TIF120705', '198511282008121002', '1'),
(29, 1, 6, 'TIF120705', 'D199308312021032', '2'),
(30, 1, 6, 'TIF120706', '197405192003121002', '1'),
(32, 1, 6, 'TIF120707', '199205282018032001', '1'),
(33, 1, 6, 'TIF120705', '198012122005011001', '2'),
(34, 1, 6, 'TIF120705', '198511282008121002', '2'),
(35, 1, 6, 'TIF120707', '198511282008121002', '2'),
(36, 1, 6, 'TIF120707', '198012122005011001', '2'),
(37, 1, 6, 'TIF120705', '199203022018032001', '2'),
(38, 1, 6, 'TIF120708', '199002272018032001', '1'),
(39, 1, 6, 'TIF120708', 'D199305102021032', '2'),
(40, 1, 6, 'TIF120708', '197111151998021001', '2'),
(41, 1, 6, 'TIF120708', '19781011 200501 2 00', '2'),
(42, 1, 6, 'TIF140701', '199203022018032001', '1'),
(43, 1, 6, 'TIF140701', '199408122019031013', '2'),
(44, 1, 6, 'TIF140702', '19781011 200501 2 00', '1'),
(45, 1, 6, 'TIF140703', '198608022015042002', '1'),
(46, 1, 6, 'TIF140703', 'D199305102021032', '2'),
(47, 1, 6, 'TIF140706', '199112112018031001', '1'),
(49, 1, 6, 'TIF140706', '12345678910', '2'),
(50, 1, 6, 'TIF140707', '198801172019031008', '1'),
(51, 1, 6, 'TIF140706', 'D199308312021032', '2'),
(52, 1, 6, 'TIF140707', 'D199308312021032', '2'),
(53, 1, 6, 'TIF140706', '199104292019031011', '2'),
(54, 1, 7, 'TIF120705', 'D199308312021032', '2'),
(55, 1, 7, 'TIF140707', 'D199308312021032', '2'),
(56, 1, 7, 'TIF160705', 'D199308312021032', '2'),
(57, 1, 4, 'MIF140703', 'D199308312021032', '1'),
(58, 1, 10, 'TIF120705', 'D199308312021032', '2'),
(60, 1, 10, 'TIF140707', 'D199308312021032', '2'),
(61, 1, 1, 'TKK20702', '196312311995121001', '1'),
(62, 1, 1, 'TKK20703', '198907252019031014', '1'),
(63, 1, 1, 'TKK20703', '197210052003121001', '2'),
(64, 3, 1, 'TKK20704', '197308312008011003', '1'),
(65, 1, 1, 'TKK20705', '197907032003121001', '1'),
(66, 1, 1, 'TKK20705', '197809082005011001', '2'),
(67, 1, 1, 'TKK20706', '197809082005011001', '1'),
(68, 1, 1, 'TKK20707', '199411232020122010', '1'),
(69, 1, 1, 'TKK20708', '198510312018031001', '1'),
(70, 1, 1, 'TKK20708', '197011282003121001', '2'),
(71, 1, 1, 'TKK40701', '198406252015041004', '1'),
(72, 1, 1, 'TKK40701', '197308312008011003', '2'),
(73, 1, 1, 'TKK40702', '197809082005011001', '1'),
(74, 1, 1, 'TKK20702', '196312311995121001', '0'),
(75, 1, 1, 'TKK40702', '197009292003121001', '2'),
(76, 1, 1, 'TKK40703', '198406252015041004', '2'),
(77, 1, 1, 'TKK40703', '197808172003121005', '1'),
(78, 1, 1, 'TKK40708', '197009292003121001', '1'),
(79, 1, 1, 'TKK40708', '197808162005011002', '2'),
(80, 1, 9, 'TIF120704', '199305082022032013', '2'),
(81, 1, 9, 'TIF120706', '199305082022032013', '2'),
(83, 1, 4, 'MIF140702', '199305082022032013', '2'),
(84, 1, 4, 'MI1F40707', '199305082022032013', '2'),
(85, 1, 5, 'MI1F40707', '199305082022032013', '2'),
(86, 1, 5, 'MIF140702', '199305082022032013', '1'),
(87, 2, 1, 'TKK20703', '198704022019031009', '1'),
(89, 1, 1, 'TIF120707', '197907032003121001', '1'),
(90, 2, 1, 'TKK10706', '197907032003121001', '1'),
(91, 2, 1, 'TKK10706', '197809082005011001', '2'),
(92, 2, 1, 'TKK20703', '197210052003121001', '2'),
(93, 2, 1, 'TKK20703', '197209212003122001', '2'),
(94, 2, 1, 'TKK10705', '198510312018031001', '1'),
(95, 1, 1, 'TIF120707', '199411232020122010', '2'),
(96, 2, 1, 'TKK10705', '199411232020122010', '2'),
(97, 2, 1, 'TKK10704', '197011282003121001', '1'),
(98, 2, 1, 'TKK10707', '198406252015041004', '1'),
(99, 2, 1, 'TKK10707', '197808172003121005', '2'),
(100, 2, 1, 'TKK10707', '197809082005011001', '2'),
(101, 2, 1, 'TKK10708', '199411232020122010', '1'),
(102, 2, 1, 'TKK10708', '198510312018031001', '2'),
(103, 2, 1, 'TKK3601', '199411232020122010', '1'),
(104, 2, 1, 'TKK3601', '197009292003121001', '2'),
(105, 1, 1, 'TIF120707', '197907032003121001', '0'),
(106, 2, 1, 'TKK3602', '198301092018031001', '1'),
(107, 2, 1, 'TKK3602', '198106152006041002', '2'),
(108, 2, 1, 'TKK3603', '197808172003121005', '1'),
(109, 2, 1, 'TKK3604', '198406252015041004', '1'),
(110, 2, 1, 'TKK3605', '197808162005011002', '1'),
(111, 2, 1, 'TKK3606', '197808162005011002', '1'),
(112, 2, 1, 'TKK3606', '198510312018031001', '2'),
(113, 2, 1, 'TKK3607', '198406252015041004', '1'),
(114, 2, 1, 'TKK3607', '197808172003121005', '2'),
(115, 2, 1, 'TKK3607', '197808162005011002', '2'),
(116, 2, 1, 'TKK3608', '197009292003121001', '1'),
(117, 2, 1, 'TKK3608', 'D199308312021032', '2'),
(118, 2, 3, 'TKK10703', '197711102003121002', '1'),
(119, 2, 3, 'TKK10703', '198704022019031009', '2'),
(120, 2, 3, 'TKK10706', '197907032003121001', '1'),
(121, 2, 3, 'TKK10705', '198510312018031001', '1'),
(122, 2, 3, 'TKK10705', '199411232020122010', '2'),
(123, 2, 3, 'TKK10704', '197308312008011003', '1'),
(124, 2, 3, 'TKK10707', '198406252015041004', '1'),
(125, 2, 3, 'TKK10708', '197009292003121001', '1'),
(126, 2, 4, 'MIF120703', '199005192018032001', '1'),
(127, 2, 4, 'MIF120703', '197711102003121002', '2'),
(128, 2, 4, 'MIF120703', '8849110016', '2'),
(129, 2, 4, 'MIF110704', '199104292019031011', '1'),
(130, 2, 4, 'MIF110704', '198804042020122013', '2'),
(131, 2, 4, 'MIF110705', '19710408 2001121003', '1'),
(132, 2, 4, 'MIF110706', '198106152006041002', '1'),
(133, 2, 4, 'MIF110706', '198903292019031007', '2'),
(134, 2, 4, 'MIF110707', '19880702 201903 1 01', '1'),
(136, 2, 4, 'MIF110708', '198606092008122004', '2'),
(137, 2, 4, 'MIF110708', '198005172008121002', '2'),
(138, 1, 4, 'MIF110709', '199104292019031011', '2'),
(139, 2, 4, 'MIF110709', '198804042020122013', '1'),
(140, 2, 4, 'MIF110709', '197709292005011003', '2'),
(141, 2, 4, 'MIF130701', '197306172018051001', '1'),
(142, 2, 4, 'MIF130702', '198005172008121002', '1'),
(143, 2, 4, 'MIF130702', '198302032006041003', '2'),
(144, 2, 4, 'MIF130703', '197306172018051001', '1'),
(145, 2, 4, 'MIF130703', '197709292005011003', '2'),
(146, 2, 4, 'MIF130704', '198804042020122013', '1'),
(147, 2, 4, 'MIF130704', '198301092018031001', '2'),
(148, 2, 4, 'MIF130705', '199104292019031011', '1'),
(149, 2, 4, 'MIF130705', '199305082022032013', '2'),
(150, 2, 4, 'MIF130706', '197709292005011003', '1'),
(155, 1, 1, 'TIF120707', '197907032003121001', '0'),
(156, 2, 4, 'MIF130706', '19710408 2001121003', '2'),
(157, 2, 4, 'MIF130707', '198903292019031007', '1'),
(158, 2, 4, 'MIF130707', '198302032006041003', '2'),
(159, 2, 4, 'MIF130707', '197306172018051001', '2'),
(160, 2, 4, 'MIF130708', '198301092018031001', '1'),
(161, 2, 4, 'MIF130708', '199305082022032013', '2'),
(162, 2, 4, 'MIF130708', '198804042020122013', '2'),
(163, 2, 5, 'MIF110703', '198504132015042007', '1'),
(164, 2, 5, 'MIF110704', '199104292019031011', '1'),
(165, 2, 5, 'MIF110704', '198804042020122013', '2'),
(166, 2, 5, 'MIF110705', '197709292005011003', '1'),
(171, 2, 4, 'MIF110708', '198106152006041002', '1'),
(172, 2, 5, 'MIF110706', '198302032006041003', '1'),
(173, 2, 5, 'MIF110706', '198903292019031007', '2'),
(174, 2, 5, 'MIF110707', '19880702 201903 1 01', '1'),
(175, 2, 5, 'MIF110708', '198106152006041002', '1'),
(176, 2, 5, 'MIF110708', '198606092008122004', '2'),
(177, 2, 5, 'MIF110708', '198005172008121002', '2'),
(178, 2, 5, 'MIF110709', '198804042020122013', '1'),
(179, 2, 5, 'MIF110709', '199104292019031011', '2'),
(180, 2, 5, 'TKK10708', '197709292005011003', '2'),
(181, 2, 5, 'MIF130701', '197306172018051001', '1'),
(182, 2, 5, 'MIF130702', '198005172008121002', '1'),
(183, 2, 5, 'MIF130702', '198302032006041003', '2'),
(184, 2, 5, 'MIF130703', '197306172018051001', '1'),
(185, 2, 5, 'MIF130703', '197709292005011003', '2'),
(186, 2, 5, 'MIF130704', '198804042020122013', '1'),
(187, 2, 5, 'MIF130704', '198301092018031001', '2'),
(188, 2, 5, 'MIF130705', '199104292019031011', '1'),
(189, 2, 5, 'MIF130705', '199305082022032013', '2'),
(190, 2, 5, 'MIF130706', '19710408 2001121003', '1'),
(191, 2, 5, 'MIF130706', '197709292005011003', '2'),
(192, 2, 5, 'MIF130707', '198903292019031007', '1'),
(193, 2, 5, 'MIF130707', '198302032006041003', '2'),
(194, 2, 5, 'MIF130707', '197306172018051001', '2'),
(195, 2, 5, 'MIF130708', '198301092018031001', '1'),
(196, 2, 1, 'TIF120707', '197907032003121001', '0'),
(197, 2, 5, 'MIF130708', '199305082022032013', '2'),
(198, 2, 5, 'MIF130708', '198804042020122013', '2'),
(199, 2, 6, 'TIF10703', '198704022019031009', '1'),
(200, 2, 6, 'TIF10704', '198608022015042002', '1'),
(201, 2, 6, 'TIF10704', '199305082022032013', '2'),
(202, 2, 6, 'TIF10705', '198012122005011001', '1'),
(203, 2, 6, 'TIF10705', '199205282018032001', '2'),
(204, 2, 6, 'TIF10706', '198511282008121002', '1'),
(205, 2, 6, 'TKK10708', '199112112018031001', '2'),
(206, 2, 6, 'TIF10707', '199002272018032001', '1'),
(207, 2, 6, 'TIF10707', '19781011 200501 2 00', '2'),
(208, 2, 6, 'TIF10707', '197111151998021001', '2'),
(209, 2, 6, 'TIF10708', '199205282018032001', '1'),
(210, 2, 6, 'TIF10708', 'D199305102021032', '2'),
(211, 2, 6, 'TIF10708', '198012122005011001', '2'),
(212, 1, 1, 'TIF120707', '197907032003121001', '2'),
(213, 2, 6, 'TIF10708', 'D198901152021041', '2'),
(214, 3, 4, 'MIF120704', '199112112018031001', '1'),
(215, 1, 1, 'TIF120707', '199305082022032013', '2'),
(216, 3, 4, 'MIF120705', '198903292019031007', '1'),
(217, 1, 1, 'TIF120707', '198301092018031001', '2'),
(218, 1, 1, 'TKK20704', '197308312008011003', '1'),
(219, 1, 1, 'TIF120707', '198510312018031001', '2'),
(220, 1, 1, 'TKK20705', '199411232020122010', '1'),
(221, 1, 1, 'TIF120707', '198801172019031008', '2'),
(222, 1, 6, 'TIF120707', '199205282018032001', '1'),
(223, 1, 1, 'TIF120707', '197907032003121001', '0'),
(224, 3, 6, 'TIF120707', '199205282018032001', '1'),
(225, 1, 1, 'TKK20706', '197907032003121001', '1'),
(226, 1, 1, 'TIF120707', '199411232020122010', '2'),
(227, 3, 4, 'MIF120706', '197306172018051001', '1'),
(228, 3, 6, 'TIF120707', '198012122005011001', '2'),
(229, 1, 1, 'TKK20707', 'D199305102021032', '1'),
(230, 1, 1, 'TIF120707', '19710408 2001121003', '2'),
(231, 1, 1, 'TIF120707', '197009292003121001', '2'),
(232, 1, 1, 'TKK20708', '198510312018031001', '1'),
(233, 1, 1, 'TIF120707', '197308312008011003', '2'),
(234, 1, 1, 'TIF120707', '198804042020122013', '1'),
(235, 1, 1, 'TIF120707', '198510312018031001', '2'),
(238, 3, 4, 'MIF120704', '199305082022032013', '2'),
(239, 3, 4, 'MIF120705', '198301092018031001', '2'),
(240, 1, 4, 'MIF120706', '19710408 2001121003', '2'),
(241, 3, 4, 'MIF120706', '19710408 2001121003', '2'),
(243, 5, 6, 'TIF120704', 'D199305102021032', '2'),
(244, 5, 6, 'TIF120704', '197709292005011003', '1'),
(245, 5, 7, 'TIF120704', '197709292005011003', '1'),
(246, 5, 7, 'TIF120704', 'D199305102021032', '2'),
(247, 5, 10, 'TIF120704', '197709292005011003', '1'),
(248, 1, 10, 'TIF120705', '199408122019031013', '2'),
(249, 1, 1, 'TIF120705', '198511282008121002', '1'),
(250, 5, 10, 'TIF120704', 'D199305102021032', '2'),
(251, 5, 10, 'TIF120705', '198511282008121002', '1'),
(252, 5, 10, 'TIF120705', 'D199308312021032', '2'),
(253, 5, 6, 'TIF120705', '198511282008121002', '1'),
(254, 5, 6, 'TIF120705', 'D199308312021032', '2'),
(255, 5, 7, 'TIF120705', '198511282008121002', '1'),
(256, 5, 7, 'TIF120705', 'D199308312021032', '2'),
(257, 5, 6, 'TIF120706', '197405192003121002', '1'),
(258, 5, 6, 'TIF120706', '198606092008122004', '2'),
(259, 5, 7, 'TIF120706', '197405192003121002', '1'),
(260, 5, 7, 'TIF120706', '198606092008122004', '2'),
(261, 5, 10, 'TIF120706', '197405192003121002', '1'),
(262, 5, 10, 'TIF120706', '198606092008122004', '2'),
(263, 5, 10, 'TIF120707', '199205282018032001', '1'),
(264, 5, 10, 'TIF120707', '198012122005011001', '2'),
(265, 5, 10, 'TIF120707', '197709292005011003', '2'),
(266, 5, 10, 'TIF120707', '199203022018032001', '2'),
(267, 5, 6, 'TIF120707', '199205282018032001', '1'),
(268, 5, 6, 'TIF120707', '198012122005011001', '2'),
(269, 5, 6, 'TIF120707', '197709292005011003', '2'),
(270, 5, 6, 'TIF120707', '199203022018032001', '2'),
(271, 5, 7, 'TIF120707', '199205282018032001', '1'),
(272, 5, 7, 'TIF120707', '198012122005011001', '2'),
(273, 5, 7, 'TIF120707', '197709292005011003', '2'),
(274, 5, 7, 'TIF120707', '199203022018032001', '2'),
(275, 5, 10, 'TIF120707', '199205282018032001', '1'),
(276, 5, 10, 'TIF120707', '198012122005011001', '2'),
(277, 5, 10, 'TIF120707', '197709292005011003', '2'),
(278, 5, 10, 'TIF120707', '199203022018032001', '2'),
(279, 5, 6, 'TIF120708', '199002272018032001', '1'),
(280, 5, 6, 'TIF120708', 'D199305102021032', '2'),
(281, 5, 6, 'TIF120708', '197111151998021001', '2'),
(282, 5, 6, 'TIF120708', '19781011 200501 2 00', '2'),
(283, 5, 7, 'TIF120708', '199002272018032001', '1'),
(284, 5, 7, 'TIF120708', 'D199305102021032', '2'),
(285, 5, 7, 'TIF120708', '197111151998021001', '2'),
(286, 1, 7, 'TIF120708', '19781011 200501 2 00', '2'),
(287, 5, 10, 'TIF120708', '199002272018032001', '1'),
(288, 5, 10, 'TIF120708', 'D199305102021032', '2'),
(289, 5, 10, 'TIF120708', '197111151998021001', '2'),
(290, 5, 10, 'TIF120708', '19781011 200501 2 00', '2'),
(291, 5, 7, 'TIF120707', '19781011 200501 2 00', '2'),
(292, 5, 7, 'TIF140701', '199203022018032001', '1'),
(293, 5, 7, 'TIF140701', '199002272018032001', '2'),
(294, 5, 6, 'TIF140701', '199203022018032001', '1'),
(295, 5, 6, 'TIF140701', '199002272018032001', '2'),
(296, 5, 10, 'TIF140701', '199203022018032001', '1'),
(297, 5, 10, 'TIF140701', '199002272018032001', '2'),
(298, 5, 7, 'TIF140702', '19781011 200501 2 00', '1'),
(299, 5, 7, 'TIF140702', '197011282003121001', '2'),
(300, 5, 6, 'TIF140702', '19781011 200501 2 00', '1'),
(301, 5, 6, 'TIF140702', '197011282003121001', '2'),
(302, 5, 10, 'TIF140702', '19781011 200501 2 00', '1'),
(303, 5, 10, 'TIF140702', '197011282003121001', '2'),
(304, 5, 6, 'TIF140703', '198106152006041002', '1'),
(305, 5, 6, 'TIF140703', '198608022015042002', '2'),
(306, 5, 10, 'TIF140703', '198106152006041002', '1'),
(307, 5, 10, 'TIF140703', '198608022015042002', '2'),
(308, 5, 7, 'TIF140703', '198106152006041002', '1'),
(309, 5, 7, 'TIF140703', '198608022015042002', '2'),
(310, 5, 7, 'TIF140704', '199305082022032013', '1'),
(311, 5, 7, 'TIF140704', '199112112018031001', '2'),
(312, 5, 6, 'TIF140704', '199305082022032013', '1'),
(313, 5, 6, 'TIF140704', '199112112018031001', '2'),
(314, 5, 10, 'TIF140704', '199305082022032013', '1'),
(315, 5, 10, 'TIF140704', '199112112018031001', '2'),
(316, 5, 6, 'TIF140705', '198012122005011001', '1'),
(317, 5, 6, 'TIF140705', '199205282018032001', '2'),
(318, 5, 7, 'TIF140705', '198012122005011001', '1'),
(319, 5, 7, 'TIF140705', '199205282018032001', '2'),
(320, 5, 10, 'TIF140705', '198012122005011001', '1'),
(321, 5, 10, 'TIF140705', '199205282018032001', '2'),
(322, 5, 6, 'TIF140706', '198301092018031001', '1'),
(323, 5, 6, 'TIF140706', '197110092003121001', '2'),
(324, 5, 6, 'TIF140706', 'D198901152021041', '2'),
(325, 5, 6, 'TIF140706', '198106152006041002', '2'),
(326, 5, 7, 'TIF140706', '198301092018031001', '1'),
(327, 5, 13, 'BID2604', '198606092008122004', '1'),
(328, 5, 7, 'TIF140706', '197110092003121001', '2'),
(329, 5, 7, 'TIF140706', 'D198901152021041', '2'),
(330, 5, 7, 'TIF140706', '198106152006041002', '2'),
(331, 5, 10, 'TIF140706', '198301092018031001', '1'),
(332, 5, 10, 'TIF140706', '197110092003121001', '2'),
(333, 5, 10, 'TIF140706', 'D198901152021041', '2'),
(334, 5, 10, 'TIF140706', '198106152006041002', '2'),
(335, 5, 6, 'TIF140707', '198907102019031010', '1'),
(336, 5, 6, 'TIF140707', 'D199308312021032', '2'),
(337, 5, 6, 'TIF140707', '199212272022031007', '2'),
(338, 5, 6, 'TIF140707', '', '2'),
(339, 5, 7, 'TIF140707', '198907102019031010', '1'),
(340, 5, 7, 'TIF140707', 'D199308312021032', '2'),
(341, 5, 7, 'TIF140707', '', '2'),
(342, 5, 7, 'TIF140707', '199212272022031007', '2'),
(343, 5, 10, 'TIF140707', '198907102019031010', '1'),
(344, 5, 10, 'TIF140707', 'D199308312021032', '2'),
(345, 5, 10, 'TIF140707', '', '2'),
(346, 5, 10, 'TIF140707', '199212272022031007', '2'),
(347, 5, 6, 'TIF160701', '199408122019031013', '1'),
(348, 5, 6, 'TIF160701', '198012122005011001', '2'),
(349, 5, 7, 'TIF160701', '199408122019031013', '1'),
(350, 5, 7, 'TIF160701', '198012122005011001', '2'),
(353, 5, 13, 'BID2604', '198302032006041003', '2'),
(354, 5, 6, 'TIF160702', '197008311998031001', '1'),
(355, 5, 6, 'TIF160702', '199203022018032001', '2'),
(356, 5, 7, 'TIF160702', '197008311998031001', '1'),
(357, 5, 7, 'TIF160702', '199203022018032001', '2'),
(358, 5, 13, 'BID2605', '198606092008122004', '1'),
(359, 5, 7, 'TIF160703', '197111151998021001', '1'),
(360, 5, 7, 'TIF120707', '199002272018032001', '2'),
(361, 5, 6, 'TIF160703', '197111151998021001', '1'),
(362, 5, 6, 'TIF160703', '199002272018032001', '2'),
(363, 5, 6, 'TIF160704', '199212272022031007', '1'),
(364, 5, 13, 'BID2605', '198903292019031007', '2'),
(365, 5, 6, 'TIF160704', '198907102019031010', '2'),
(366, 5, 7, 'TIF160704', '199212272022031007', '1'),
(367, 5, 7, 'TIF160704', '198907102019031010', '2'),
(368, 5, 7, 'TIF160705', 'D199308312021032', '1'),
(369, 5, 7, 'TIF160705', '198801172019031008', '2'),
(370, 5, 13, 'BID2606', 'D198901152021041', '1'),
(371, 5, 7, 'TIF160705', '197909212005011001', '2'),
(372, 5, 7, 'TIF160705', '12345678910', '2'),
(373, 5, 13, 'BID2606', '199002272018032001', '2'),
(374, 5, 6, 'TIF160705', 'D199308312021032', '1'),
(375, 5, 6, 'TIF160705', '198801172019031008', '2'),
(376, 5, 6, 'TIF160705', '197909212005011001', '2'),
(377, 5, 6, 'TIF160705', '12345678910', '2'),
(378, 1, 13, 'BID2607', '197909212005011001', '1'),
(379, 5, 6, 'TIF160706', '198608022015042002', '1'),
(380, 5, 6, 'TIF160706', '199408122019031013', '2'),
(381, 5, 6, 'TIF160706', '199305082022032013', '2'),
(382, 5, 6, 'TIF160706', '197008311998031001', '2'),
(383, 5, 13, 'BID2607', '197009292003121001', '2'),
(384, 5, 7, 'TIF160706', '198608022015042002', '1'),
(385, 5, 7, 'TIF160706', '199408122019031013', '2'),
(386, 5, 7, 'TIF160706', '199305082022032013', '2'),
(387, 5, 7, 'TIF160706', '197008311998031001', '2'),
(388, 5, 7, 'TIF160707', '198511282008121002', '1'),
(389, 5, 7, 'TIF160707', '', '2'),
(390, 5, 13, 'BID2607', '197909212005011001', '1'),
(391, 5, 7, 'TIF160707', '197405192003121002', '2'),
(392, 5, 7, 'TIF160707', '199212272022031007', '2'),
(393, 5, 6, 'TIF160707', '198511282008121002', '1'),
(394, 5, 6, 'TIF160707', '', '2'),
(395, 5, 6, 'TIF160707', '197405192003121002', '2'),
(396, 5, 6, 'TIF160707', '199212272022031007', '2'),
(397, 5, 13, 'BID2608', '19880702 201903 1 01', '1'),
(398, 5, 13, 'BID2608', 'D198901152021041', '2'),
(399, 5, 13, 'BID2609', '197909212005011001', '1'),
(400, 5, 13, 'BID2609', '197306172018051001', '2'),
(401, 5, 13, 'BID2603', '198504132015042007', '1'),
(402, 5, 4, 'MIF120704', '198907102019031010', '1'),
(403, 5, 4, 'MIF120704', '197110092003121001', '2'),
(404, 5, 4, 'MIF120705', '198903292019031007', '1'),
(405, 5, 4, 'MIF120705', '198301092018031001', '2'),
(406, 5, 4, 'MIF120706', '197306172018051001', '1'),
(407, 5, 4, 'MIF120706', '198302032006041003', '2'),
(408, 5, 4, 'MIF120707', '198804042020122013', '1'),
(409, 5, 4, 'MIF120707', '197306172018051001', '2'),
(410, 5, 4, 'MIF120707', '198302032006041003', '2'),
(411, 5, 4, 'MIF120707', '19710408 2001121003', '2'),
(412, 5, 4, 'MIF120708', '198005172008121002', '1'),
(413, 5, 4, 'MIF120708', '199305082022032013', '2'),
(414, 5, 4, 'MIF120708', '198106152006041002', '2'),
(415, 5, 4, 'MIF120708', '198606092008122004', '2'),
(416, 5, 4, 'MIF140701', '198903292019031007', '1'),
(417, 5, 4, 'MIF140701', '199104292019031011', '2'),
(418, 5, 4, 'MIF140703', '199104292019031011', '1'),
(419, 5, 4, 'MIF140703', 'D199308312021032', '2'),
(420, 5, 4, 'MIF140702', '198804042020122013', '1'),
(421, 5, 4, 'MIF140702', '19880702 201903 1 01', '2'),
(422, 5, 4, 'MIF140704', '19710408 2001121003', '1'),
(423, 5, 4, 'MIF140704', '198005172008121002', '2'),
(424, 5, 4, 'MIF140705', '198005172008121002', '1'),
(425, 5, 4, 'MIF140705', '198804042020122013', '2'),
(426, 5, 4, 'MIF140706', '19880702 201903 1 01', '1'),
(427, 5, 4, 'MIF140706', '198301092018031001', '2'),
(428, 5, 4, 'MIF140708', '19880702 201903 1 01', '1'),
(429, 5, 4, 'MIF140708', '198301092018031001', '2'),
(430, 5, 4, 'MIF140708', '197709292005011003', '2'),
(431, 5, 4, 'MIF140708', '199112112018031001', '2'),
(432, 5, 4, 'MIF140707', '199104292019031011', '1'),
(433, 5, 4, 'MIF140707', '198903292019031007', '2'),
(434, 5, 4, 'MIF140707', '19880702 201903 1 01', '2'),
(435, 5, 4, 'MIF140707', '12345678910', '2'),
(436, 5, 4, 'MIF160701', '197306172018051001', '1'),
(437, 5, 4, 'MIF160701', '19880702 201903 1 01', '2'),
(438, 5, 4, 'MIF160702', '197008311998031001', '1'),
(439, 5, 4, 'MIF160702', '199304252022032008', '2'),
(440, 5, 5, 'MIF120704', '198907102019031010', '1'),
(441, 5, 5, 'MIF120704', '198903292019031007', '2'),
(442, 5, 5, 'MIF120705', '198301092018031001', '1'),
(443, 5, 5, 'MIF120705', '198903292019031007', '2'),
(444, 5, 5, 'MIF120706', '199112112018031001', '1'),
(445, 5, 5, 'MIF120706', '198302032006041003', '2'),
(446, 5, 5, 'MIF120707', '198804042020122013', '1'),
(447, 5, 5, 'MIF120707', '197306172018051001', '2'),
(448, 5, 5, 'MIF120707', '198302032006041003', '2'),
(449, 5, 5, 'MIF120707', '19710408 2001121003', '2'),
(450, 5, 5, 'MIF120708', '198106152006041002', '1'),
(451, 5, 5, 'MIF120708', '199305082022032013', '2'),
(452, 5, 5, 'MIF120708', '198005172008121002', '2'),
(453, 5, 5, 'MIF120708', '198606092008122004', '2'),
(456, 5, 5, 'MIF140703', '199104292019031011', '1'),
(457, 5, 5, 'MIF140703', 'D199308312021032', '2'),
(458, 5, 5, 'MIF140701', '198903292019031007', '1'),
(459, 5, 5, 'MIF140701', '199104292019031011', '2'),
(460, 5, 5, 'MIF140702', '198804042020122013', '1'),
(461, 5, 5, 'MIF140702', '199305082022032013', '2'),
(462, 5, 5, 'MIF140704', '19710408 2001121003', '1'),
(463, 5, 5, 'MIF140704', '197111151998021001', '2'),
(464, 5, 5, 'MIF140705', '198005172008121002', '1'),
(465, 5, 5, 'MIF140705', '197009292003121001', '2'),
(466, 5, 5, 'MIF140706', '19880702 201903 1 01', '1'),
(467, 5, 5, 'MIF140706', '198301092018031001', '2'),
(468, 5, 5, 'MIF140707', '199305082022032013', '1'),
(469, 5, 5, 'MIF140707', '199104292019031011', '2'),
(470, 5, 5, 'MIF140707', '198903292019031007', '2'),
(471, 5, 5, 'MIF140707', '12345678910', '2'),
(472, 5, 5, 'MIF140708', '199112112018031001', '1'),
(473, 5, 5, 'MIF140708', '198301092018031001', '2'),
(474, 5, 5, 'MIF140708', '197709292005011003', '2'),
(475, 5, 5, 'MIF140708', '197110092003121001', '2'),
(476, 5, 5, 'MIF160701', '197306172018051001', '1'),
(477, 5, 5, 'MIF160701', '197709292005011003', '2'),
(478, 5, 5, 'MIF160702', '197008311998031001', '1'),
(479, 5, 5, 'MIF160702', '199304252022032008', '2');

-- --------------------------------------------------------

--
-- Table structure for table `prodi`
--

CREATE TABLE `prodi` (
  `id` int NOT NULL,
  `nama` varchar(255) COLLATE utf8mb4_general_ci NOT NULL
) ENGINE=InnoDB DEFAULT CHARSET=utf8mb4 COLLATE=utf8mb4_general_ci;

--
-- Dumping data for table `prodi`
--

INSERT INTO `prodi` (`id`, `nama`) VALUES
(1, 'TKK'),
(3, 'TKK-WXIT'),
(4, 'MIF'),
(5, 'D3-MIF INTERNASIONAL'),
(6, 'D4 - TIF'),
(7, 'D4-TIF BONDOWOSO'),
(8, 'D4 - TIF NGANJUK'),
(9, 'D4 - TIF SIDOARJO'),
(10, 'D4-TIF INTERNASIONAL'),
(11, 'Manajemen Agribisnis'),
(12, 'Bahasa, Komunikasi dan Pariwisata'),
(13, 'D4 - BISNIS DIGITAL');

-- --------------------------------------------------------

--
-- Table structure for table `tahun_akademik`
--

CREATE TABLE `tahun_akademik` (
  `id` int NOT NULL,
  `tahun_ajaran` varchar(20) COLLATE utf8mb4_general_ci NOT NULL,
  `keterangan` varchar(255) COLLATE utf8mb4_general_ci NOT NULL,
  `status` int NOT NULL
) ENGINE=InnoDB DEFAULT CHARSET=utf8mb4 COLLATE=utf8mb4_general_ci;

--
-- Dumping data for table `tahun_akademik`
--

INSERT INTO `tahun_akademik` (`id`, `tahun_ajaran`, `keterangan`, `status`) VALUES
(1, '2021/2022', 'GANJIL', 0),
(2, '2021/2022', 'GENAP', 0),
(3, '2022/2023', 'GANJIL', 0),
(5, '2022/2023', 'GENAP', 1);

--
-- Indexes for dumped tables
--

--
-- Indexes for table `dosen`
--
ALTER TABLE `dosen`
  ADD PRIMARY KEY (`id`);

--
-- Indexes for table `jabatan`
--
ALTER TABLE `jabatan`
  ADD PRIMARY KEY (`id`);

--
-- Indexes for table `keys`
--
ALTER TABLE `keys`
  ADD PRIMARY KEY (`id`);

--
-- Indexes for table `logs`
--
ALTER TABLE `logs`
  ADD PRIMARY KEY (`id`);

--
-- Indexes for table `matkul`
--
ALTER TABLE `matkul`
  ADD PRIMARY KEY (`id`),
  ADD KEY `prodi_id` (`prodi_id`);

--
-- Indexes for table `pengampu`
--
ALTER TABLE `pengampu`
  ADD PRIMARY KEY (`id`);

--
-- Indexes for table `prodi`
--
ALTER TABLE `prodi`
  ADD PRIMARY KEY (`id`);

--
-- Indexes for table `tahun_akademik`
--
ALTER TABLE `tahun_akademik`
  ADD PRIMARY KEY (`id`);

--
-- AUTO_INCREMENT for dumped tables
--

--
-- AUTO_INCREMENT for table `dosen`
--
ALTER TABLE `dosen`
  MODIFY `id` int NOT NULL AUTO_INCREMENT, AUTO_INCREMENT=76;

--
-- AUTO_INCREMENT for table `jabatan`
--
ALTER TABLE `jabatan`
  MODIFY `id` int NOT NULL AUTO_INCREMENT, AUTO_INCREMENT=7;

--
-- AUTO_INCREMENT for table `keys`
--
ALTER TABLE `keys`
  MODIFY `id` int NOT NULL AUTO_INCREMENT, AUTO_INCREMENT=2;

--
-- AUTO_INCREMENT for table `logs`
--
ALTER TABLE `logs`
  MODIFY `id` int NOT NULL AUTO_INCREMENT;

--
-- AUTO_INCREMENT for table `matkul`
--
ALTER TABLE `matkul`
  MODIFY `id` int NOT NULL AUTO_INCREMENT, AUTO_INCREMENT=160;

--
-- AUTO_INCREMENT for table `pengampu`
--
ALTER TABLE `pengampu`
  MODIFY `id` int NOT NULL AUTO_INCREMENT, AUTO_INCREMENT=480;

--
-- AUTO_INCREMENT for table `prodi`
--
ALTER TABLE `prodi`
  MODIFY `id` int NOT NULL AUTO_INCREMENT, AUTO_INCREMENT=14;

--
-- AUTO_INCREMENT for table `tahun_akademik`
--
ALTER TABLE `tahun_akademik`
  MODIFY `id` int NOT NULL AUTO_INCREMENT, AUTO_INCREMENT=6;

--
-- Constraints for dumped tables
--

--
-- Constraints for table `matkul`
--
ALTER TABLE `matkul`
  ADD CONSTRAINT `matkul_ibfk_1` FOREIGN KEY (`prodi_id`) REFERENCES `prodi` (`id`) ON DELETE CASCADE ON UPDATE CASCADE;
COMMIT;

/*!40101 SET CHARACTER_SET_CLIENT=@OLD_CHARACTER_SET_CLIENT */;
/*!40101 SET CHARACTER_SET_RESULTS=@OLD_CHARACTER_SET_RESULTS */;
/*!40101 SET COLLATION_CONNECTION=@OLD_COLLATION_CONNECTION */;
